0.7607285380363464,0.9008796811103821,0.69388747215271,0.8133817911148071,0.6431955099105835,0.7005133628845215,0.6063331365585327,0.6164589524269104,0.5778473615646362,0.5414397716522217,0.7311232089996338,0.5379545092582703,0.7245205044746399,0.39191433787345886,0.7237920761108398,0.30273836851119995,0.7265706062316895,0.22427983582019806,0.790145218372345,0.5477619171142578,0.8161033987998962,0.40513110160827637,0.8331533074378967,0.30914410948753357,0.8444041609764099,0.22906936705112457,0.8385359644889832,0.594555675983429,0.8753945827484131,0.47516703605651855,0.8904261589050293,0.40773263573646545,0.8924475908279419,0.3513011634349823,0.8772562742233276,0.6694133281707764,0.9284122586250305,0.5911616086959839,0.94625324010849,0.5387598276138306,0.9485163688659668,0.49154722690582275
0.7765339612960815,0.7719910144805908,0.7158836722373962,0.615320086479187,0.6784217953681946,0.48488128185272217,0.6564512848854065,0.3835182189941406,0.6494984030723572,0.29065561294555664,0.7717554569244385,0.3617385923862457,0.775891900062561,0.24739469587802887,0.7799556255340576,0.16433559358119965,0.7885528206825256,0.08697942644357681,0.824065089225769,0.36973175406455994,0.856633722782135,0.2534763514995575,0.8722394704818726,0.15994183719158173,0.8846731185913086,0.07158979028463364,0.862541913986206,0.40758609771728516,0.9014144539833069,0.31576016545295715,0.9124516844749451,0.23648090660572052,0.9162776470184326,0.15803687274456024,0.8890690207481384,0.4759935140609741,0.9350281953811646,0.4161819517612457,0.9537994861602783,0.35522639751434326,0.9648393988609314,0.2886043190956116
0.78718101978302,0.6339708566665649,0.7276906371116638,0.48226770758628845,0.696114718914032,0.36108019948005676,0.6846843957901001,0.260159432888031,0.6864750981330872,0.17244651913642883,0.7948595881462097,0.2481921911239624,0.8010240793228149,0.15513500571250916,0.8050326108932495,0.09408465772867203,0.8116059303283691,0.035061419010162354,0.8410438895225525,0.255652517080307,0.8727626204490662,0.14067624509334564,0.8879278898239136,0.049035463482141495,0.8989102840423584,-0.0355084165930748,0.873761773109436,0.2907533645629883,0.9092303514480591,0.20084039866924286,0.9202837944030762,0.12683668732643127,0.9240567088127136,0.054839979857206345,0.8980262279510498,0.35034170746803284,0.9393585920333862,0.2832355201244354,0.956707775592804,0.22746409475803375,0.9664820432662964,0.16797466576099396
0.801577091217041,0.5376186966896057,0.7402722239494324,0.4189690351486206,0.7082783579826355,0.3117433190345764,0.696924090385437,0.2201997935771942,0.7050236463546753,0.14488115906715393,0.8029199838638306,0.21580544114112854,0.8044916987419128,0.12736208736896515,0.8089337348937988,0.08336352556943893,0.8181387782096863,0.04317312687635422,0.8475165963172913,0.22306083142757416,0.8769141435623169,0.11781913042068481,0.893301248550415,0.04956509545445442,0.906518280506134,-0.007827134802937508,0.8810176849365234,0.25169116258621216,0.9118306636810303,0.16578681766986847,0.9202107787132263,0.10207270830869675,0.9244891405105591,0.043148223310709,0.9066999554634094,0.2977180480957031,0.9424786567687988,0.23661832511425018,0.9580157995223999,0.18569952249526978,0.9691747426986694,0.13214480876922607
0.8018183708190918,0.4999212622642517,0.7481040358543396,0.3953792154788971,0.7211174368858337,0.2956043779850006,0.7104911804199219,0.20776784420013428,0.7170116305351257,0.13777697086334229,0.8085854053497314,0.2091260701417923,0.8092714548110962,0.1264439970254898,0.8122575879096985,0.08192319422960281,0.8189065456390381,0.045461587607860565,0.8515238165855408,0.21601280570030212,0.8803597092628479,0.11534513533115387,0.8955515623092651,0.050503142178058624,0.905748188495636,-0.002192090731114149,0.8850846290588379,0.2439655363559723,0.9132480621337891,0.16400311887264252,0.9230754375457764,0.10169114917516708,0.9263692498207092,0.04530936852097511,0.9118725657463074,0.2860611379146576,0.9460698962211609,0.22645246982574463,0.9608184099197388,0.17812462151050568,0.9694378972053528,0.12919887900352478
0.7933616638183594,0.4834340810775757,0.7395943999290466,0.38124653697013855,0.7157895565032959,0.28348755836486816,0.707939863204956,0.19270649552345276,0.7142258286476135,0.12370827049016953,0.8038149476051331,0.20200178027153015,0.8090408444404602,0.12108208984136581,0.8124542236328125,0.07564384490251541,0.8189104199409485,0.03737911581993103,0.8454676270484924,0.20975813269615173,0.8738733530044556,0.11674028635025024,0.889963686466217,0.05231969431042671,0.9020413756370544,0.0012310530291870236,0.8778363466262817,0.23523297905921936,0.9054737091064453,0.15490077435970306,0.9153515100479126,0.09466158598661423,0.9198645949363708,0.04020276293158531,0.9041832089424133,0.2746967673301697,0.9370101094245911,0.21593306958675385,0.9511535167694092,0.1682175099849701,0.9605917930603027,0.12026134133338928
0.7697572708129883,0.49211469292640686,0.7068456411361694,0.41186973452568054,0.6701915264129639,0.3132065534591675,0.6527587175369263,0.23225201666355133,0.650524377822876,0.16399645805358887,0.7430220246315002,0.218182772397995,0.7367371320724487,0.13668310642242432,0.7367602586746216,0.09137626737356186,0.7396584749221802,0.05023248493671417,0.7867363691329956,0.21615718305110931,0.8086768984794617,0.11607682704925537,0.8220779299736023,0.04529638960957527,0.8317421078681946,-0.006836423650383949,0.8223298192024231,0.2371731549501419,0.8431997895240784,0.15569062530994415,0.8510735630989075,0.0942772924900055,0.8542933464050293,0.04553290084004402,0.8536085486412048,0.2729029059410095,0.881687343120575,0.21149694919586182,0.8929875493049622,0.1628415286540985,0.898389458656311,0.11705853044986725
0.7530723214149475,0.50826096534729,0.6890921592712402,0.454360693693161,0.6357330083847046,0.3818740248680115,0.6033666729927063,0.3131154775619507,0.5883336067199707,0.24752932786941528,0.6849397420883179,0.2597368657588959,0.6645095944404602,0.17556613683700562,0.6559963822364807,0.12679657340049744,0.6515305042266846,0.0812542513012886,0.7261959910392761,0.24511748552322388,0.7280953526496887,0.1474619060754776,0.7304432392120361,0.08696825057268143,0.7334492802619934,0.04171072691679001,0.7651460766792297,0.2556908428668976,0.7709376215934753,0.17789840698242188,0.7737298607826233,0.12693661451339722,0.775184154510498,0.08549430221319199,0.8018938899040222,0.28501492738723755,0.8184008002281189,0.22829636931419373,0.8249712586402893,0.18704544007778168,0.828188955783844,0.1490192711353302
0.7452095746994019,0.504189670085907,0.6790103316307068,0.46102553606033325,0.6270040273666382,0.39989352226257324,0.5911754965782166,0.3360770344734192,0.5789960622787476,0.26909083127975464,0.6787306070327759,0.26904958486557007,0.6595414876937866,0.18013571202754974,0.6495411396026611,0.12687784433364868,0.6459438800811768,0.07949291914701462,0.7206993103027344,0.25616320967674255,0.7204495668411255,0.1544489711523056,0.7198760509490967,0.09302794933319092,0.720204770565033,0.04666435718536377,0.7609292268753052,0.2629243731498718,0.7655653357505798,0.18060173094272614,0.7660631537437439,0.1282065063714981,0.765002429485321,0.0848296731710434,0.7980596423149109,0.2866537868976593,0.8128592371940613,0.22591450810432434,0.818162202835083,0.18757757544517517,0.8232358694076538,0.15124015510082245
0.7471566796302795,0.5090309381484985,0.6821265816688538,0.4679807722568512,0.6279939413070679,0.40267470479011536,0.5916200876235962,0.3394978642463684,0.575069785118103,0.2796429991722107,0.6811568140983582,0.27181288599967957,0.6623945236206055,0.18157677352428436,0.6539900302886963,0.12887121737003326,0.6501906514167786,0.07938503473997116,0.7230735421180725,0.2588239014148712,0.7225202322006226,0.1578540951013565,0.7234839797019958,0.09631612151861191,0.7250347137451172,0.047000426799058914,0.7622738480567932,0.26764199137687683,0.7685920596122742,0.18422500789165497,0.7694454193115234,0.13253195583820343,0.7687627673149109,0.08701126277446747,0.7986271381378174,0.2929690182209015,0.8152042031288147,0.23320946097373962,0.822531521320343,0.1949489414691925,0.8283520340919495,0.15730144083499908
0.7502892017364502,0.5118183493614197,0.6827839016914368,0.4725136160850525,0.6280072927474976,0.4051818549633026,0.5918825268745422,0.34079882502555847,0.5748564004898071,0.28189322352409363,0.6825329065322876,0.2719368040561676,0.6639403700828552,0.17970497906208038,0.6554349064826965,0.1273718625307083,0.6512284278869629,0.07832549512386322,0.7241864800453186,0.25961410999298096,0.7233599424362183,0.15671277046203613,0.7240208387374878,0.09556791931390762,0.7253899574279785,0.04708714783191681,0.7635776996612549,0.2689056694507599,0.7705398201942444,0.18401433527469635,0.7714681029319763,0.1326403021812439,0.7709441184997559,0.08711419999599457,0.8003618717193604,0.29397961497306824,0.8171513676643372,0.23288902640342712,0.8247076272964478,0.19535666704177856,0.831104040145874,0.15836186707019806
0.7507721185684204,0.5169748663902283,0.6848213076591492,0.47567763924598694,0.6302198171615601,0.41014495491981506,0.5921363234519958,0.347901314496994,0.5720394849777222,0.28871774673461914,0.6827148795127869,0.27558740973472595,0.6632305383682251,0.1831587255001068,0.6540945172309875,0.12953771650791168,0.6497978568077087,0.0793904960155487,0.7244490385055542,0.26227885484695435,0.722800612449646,0.1585545390844345,0.7234939932823181,0.09620551764965057,0.7250235676765442,0.04485747590661049,0.764155924320221,0.2710527777671814,0.7707021832466125,0.18605762720108032,0.7719890475273132,0.13418470323085785,0.7718446850776672,0.08772992342710495,0.8013260364532471,0.2966414988040924,0.8179896473884583,0.23593810200691223,0.826076865196228,0.19767959415912628,0.833220362663269,0.15953205525875092
0.7495714426040649,0.521943211555481,0.6842684149742126,0.47975674271583557,0.6304059028625488,0.4108445942401886,0.5919138193130493,0.3474102318286896,0.5702894926071167,0.2923750579357147,0.684342086315155,0.275214821100235,0.6646996140480042,0.18172915279865265,0.6551851034164429,0.12851236760616302,0.6508449912071228,0.0777297243475914,0.7260838747024536,0.2620070278644562,0.7244759202003479,0.15744110941886902,0.7244107723236084,0.09380442649126053,0.7253451943397522,0.042745962738990784,0.7663037180900574,0.27200931310653687,0.7749785780906677,0.18572445213794708,0.7762550115585327,0.13244885206222534,0.7760172486305237,0.08458611369132996,0.8035842180252075,0.30008774995803833,0.8235293030738831,0.23843684792518616,0.8331118226051331,0.19805066287517548,0.8414215445518494,0.15727756917476654
0.7471637725830078,0.5221302509307861,0.6844432353973389,0.47672563791275024,0.6300930976867676,0.40741267800331116,0.593161404132843,0.34333571791648865,0.5721928477287292,0.2885012626647949,0.6852917075157166,0.2743469476699829,0.6676275730133057,0.17787803709506989,0.6598706841468811,0.1207999736070633,0.6565501689910889,0.06736773997545242,0.7285686731338501,0.26369690895080566,0.7295404076576233,0.15684334933757782,0.7309185862541199,0.09165198355913162,0.7332504987716675,0.036512017250061035,0.7687205672264099,0.2758583724498749,0.7805162668228149,0.18789692223072052,0.7829074263572693,0.1331285685300827,0.783947765827179,0.0822533443570137,0.8054733276367188,0.30626779794692993,0.8277378082275391,0.24364995956420898,0.8393072485923767,0.20021425187587738,0.848856508731842,0.1551685929298401
0.7496064305305481,0.5298044085502625,0.6861286163330078,0.471038281917572,0.636094868183136,0.3983055055141449,0.6000397205352783,0.32892167568206787,0.5868504047393799,0.26287204027175903,0.6891871094703674,0.27153894305229187,0.6814708113670349,0.19191786646842957,0.6811501979827881,0.1504526436328888,0.6834187507629395,0.11650049686431885,0.7334268093109131,0.26465874910354614,0.7372780442237854,0.17245632410049438,0.7390990257263184,0.1223454624414444,0.7394867539405823,0.0831221416592598,0.7698425650596619,0.2790401875972748,0.7778398990631104,0.19428537786006927,0.7782261371612549,0.14294295012950897,0.7778323888778687,0.10161205381155014,0.8058847784996033,0.3128165006637573,0.8231607675552368,0.24798518419265747,0.8281265497207642,0.20283043384552002,0.830011785030365,0.15752817690372467
0.7475200295448303,0.5414014458656311,0.6862660646438599,0.46851181983947754,0.6401513814926147,0.38530781865119934,0.6163429021835327,0.2958199381828308,0.6199368834495544,0.21881254017353058,0.698258101940155,0.2623809278011322,0.7002647519111633,0.16116498410701752,0.6978641152381897,0.14865432679653168,0.6940688490867615,0.1885000765323639,0.7359511256217957,0.25988468527793884,0.7467046976089478,0.14242476224899292,0.7440949082374573,0.13207490742206573,0.7359488010406494,0.18226586282253265,0.7720694541931152,0.2772013247013092,0.7875310778617859,0.18122223019599915,0.7834525108337402,0.15727096796035767,0.7708673477172852,0.20150712132453918,0.8070635199546814,0.3087345063686371,0.8284015655517578,0.23863092064857483,0.8210844397544861,0.20768482983112335,0.8036394715309143,0.2268342822790146
0.7455606460571289,0.5494911670684814,0.6879335641860962,0.4760926067829132,0.6501874923706055,0.379077285528183,0.6427555680274963,0.278316468000412,0.6740362048149109,0.21168962121009827,0.7002031803131104,0.2920089364051819,0.6982777118682861,0.19690614938735962,0.6874292492866516,0.2409181445837021,0.6865421533584595,0.2986142635345459,0.7349763512611389,0.28460872173309326,0.7375102043151855,0.17030389606952667,0.722673237323761,0.23157984018325806,0.7212690711021423,0.30269575119018555,0.770542562007904,0.29400408267974854,0.7754077315330505,0.18621662259101868,0.7577151656150818,0.23939548432826996,0.7533862590789795,0.30686429142951965,0.8072423934936523,0.3200590908527374,0.8094743490219116,0.2329423427581787,0.7916640043258667,0.2560997009277344,0.7813066840171814,0.3064364492893219
0.7443012595176697,0.5550566911697388,0.6863114833831787,0.48320215940475464,0.6474417448043823,0.3882521092891693,0.6413532495498657,0.2914925515651703,0.6728677153587341,0.2296709269285202,0.6986972689628601,0.2938525974750519,0.6966484785079956,0.20497073233127594,0.6861128211021423,0.25760865211486816,0.6851492524147034,0.3203585743904114,0.7342777252197266,0.2901707887649536,0.7353029251098633,0.1901639699935913,0.7198115587234497,0.2584146559238434,0.718231737613678,0.32830971479415894,0.7699665427207947,0.30244529247283936,0.7756032943725586,0.20581595599651337,0.7557214498519897,0.2675260603427887,0.7493335008621216,0.33486679196357727,0.8060279488563538,0.33062049746513367,0.8087952136993408,0.2519245445728302,0.7891162037849426,0.2826622426509857,0.7778207659721375,0.33054617047309875
0.74403977394104,0.5500798225402832,0.6852776408195496,0.4863497316837311,0.6451721787452698,0.3934062123298645,0.6386244297027588,0.3014405369758606,0.6697968244552612,0.24498547613620758,0.6956707239151001,0.29784220457077026,0.6927898526191711,0.2185986191034317,0.6819827556610107,0.2665875256061554,0.680515706539154,0.32406944036483765,0.7318668365478516,0.29123276472091675,0.7343984246253967,0.1914084255695343,0.7162255048751831,0.2576204836368561,0.7126128077507019,0.3293997347354889,0.7684577107429504,0.3029598593711853,0.774135172367096,0.20363010466098785,0.7522774934768677,0.264721542596817,0.7445854544639587,0.3342515528202057,0.8055781722068787,0.33204078674316406,0.807191014289856,0.2541019916534424,0.7860376238822937,0.2876270115375519,0.773862898349762,0.3385920524597168
0.74313884973526,0.545508086681366,0.6865180134773254,0.48397567868232727,0.6458907723426819,0.39164939522743225,0.6382942199707031,0.3010169565677643,0.6689920425415039,0.2445620894432068,0.6957243084907532,0.2903873324394226,0.6918163895606995,0.21183866262435913,0.6832660436630249,0.26854339241981506,0.6816073060035706,0.3290039896965027,0.732223629951477,0.2866722345352173,0.7314963340759277,0.19301775097846985,0.7174975275993347,0.266513854265213,0.7154743671417236,0.33616164326667786,0.7689072489738464,0.3000870645046234,0.7731537222862244,0.20877762138843536,0.7535167932510376,0.27524861693382263,0.7452254891395569,0.3420175611972809,0.8055731654167175,0.32861047983169556,0.8074895739555359,0.2565082013607025,0.7869204878807068,0.29317954182624817,0.7733661532402039,0.34180256724357605
0.7434754371643066,0.5481820106506348,0.6864624619483948,0.48656725883483887,0.6457881331443787,0.3966571092605591,0.6375017166137695,0.30608466267585754,0.669253945350647,0.2511698305606842,0.6923943758010864,0.2941146492958069,0.6908760666847229,0.21689429879188538,0.6825360059738159,0.2750544846057892,0.6805533766746521,0.33420854806900024,0.730099081993103,0.29023870825767517,0.73075932264328,0.198750838637352,0.717248797416687,0.2757583558559418,0.7152495980262756,0.3421286344528198,0.7678935527801514,0.3031507730484009,0.7717185616493225,0.2144581526517868,0.7530797123908997,0.28597772121429443,0.746124267578125,0.35045623779296875,0.8052516579627991,0.33204513788223267,0.8063744902610779,0.26153868436813354,0.7867464423179626,0.3019247055053711,0.7754886746406555,0.3484989404678345
0.7421075105667114,0.5412410497665405,0.6850454211235046,0.4818793833255768,0.6434726119041443,0.39021262526512146,0.6350365281105042,0.2993108034133911,0.6685746312141418,0.24819624423980713,0.6932595372200012,0.28351911902427673,0.6905975341796875,0.2122906893491745,0.6823185086250305,0.2688988149166107,0.6800970435142517,0.3305661678314209,0.7304797172546387,0.28098583221435547,0.7311957478523254,0.19762153923511505,0.7175590991973877,0.272714227437973,0.7135842442512512,0.3409503698348999,0.7678848505020142,0.2954607307910919,0.7706993818283081,0.21156837046146393,0.7528683543205261,0.28262558579444885,0.7444062232971191,0.34809839725494385,0.8043734431266785,0.32580387592315674,0.8037919402122498,0.2571342885494232,0.7851188778877258,0.3001655638217926,0.7738054990768433,0.34782788157463074
0.742996335029602,0.5364916324615479,0.6859327554702759,0.4814656972885132,0.6434170603752136,0.38892626762390137,0.6327871680259705,0.29099881649017334,0.6632875204086304,0.22813376784324646,0.6964343190193176,0.29233935475349426,0.6937651038169861,0.20358331501483917,0.6831499338150024,0.24975168704986572,0.6822890639305115,0.31002169847488403,0.7315292954444885,0.2875114977359772,0.7316890358924866,0.185212641954422,0.7162603735923767,0.24814316630363464,0.7147946953773499,0.31794100999832153,0.766990602016449,0.29875874519348145,0.7673898935317993,0.20743116736412048,0.7490037679672241,0.26145291328430176,0.7445154786109924,0.3223673701286316,0.8037333488464355,0.3231368660926819,0.8034491539001465,0.24795158207416534,0.7848087549209595,0.2733174264431,0.7746080160140991,0.316803514957428
0.7448447942733765,0.5364475250244141,0.6783376932144165,0.48169785737991333,0.6333358883857727,0.4012300670146942,0.6081132888793945,0.3223728537559509,0.6029729843139648,0.25026968121528625,0.6924278736114502,0.2709377706050873,0.6878101229667664,0.1726032793521881,0.6894031763076782,0.11301345378160477,0.6914270520210266,0.06306609511375427,0.7360625267028809,0.2656406760215759,0.7450769543647766,0.16622550785541534,0.7493900060653687,0.11137670278549194,0.749196469783783,0.07422793656587601,0.7742069959640503,0.28352466225624084,0.7904828190803528,0.19509147107601166,0.7936763763427734,0.14770473539829254,0.7910510897636414,0.11019919812679291,0.8099998235702515,0.3213636875152588,0.8326666355133057,0.2539881467819214,0.838733434677124,0.21010100841522217,0.8384154438972473,0.1678081899881363
0.7468432188034058,0.539879322052002,0.6851177215576172,0.48339319229125977,0.6375216841697693,0.4057089388370514,0.604123055934906,0.3316749632358551,0.5882346630096436,0.2614682614803314,0.6978871822357178,0.26532283425331116,0.6895396113395691,0.15708747506141663,0.6862728595733643,0.089168019592762,0.6867696046829224,0.029301950708031654,0.744622528553009,0.25736674666404724,0.7589163184165955,0.13359826803207397,0.7679476737976074,0.051395315676927567,0.7761869430541992,-0.018613656982779503,0.7848947048187256,0.2793841063976288,0.8055183291435242,0.17694509029388428,0.8162213563919067,0.1118125393986702,0.8249440789222717,0.052037566900253296,0.8187282681465149,0.32417330145835876,0.8489987850189209,0.25640806555747986,0.8672640919685364,0.20870651304721832,0.8821306228637695,0.1597358137369156
0.75131756067276,0.5358713269233704,0.6878079771995544,0.4800302982330322,0.6380406022071838,0.39471811056137085,0.6049544215202332,0.3232448101043701,0.581084668636322,0.2636750340461731,0.7044892907142639,0.2559511363506317,0.6909801363945007,0.15911312401294708,0.6854379773139954,0.10351836681365967,0.6825917363166809,0.05347112938761711,0.7486971020698547,0.2520822584629059,0.7588974237442017,0.1415892243385315,0.7654030323028564,0.07702025771141052,0.771769106388092,0.02396523766219616,0.7870697975158691,0.27467116713523865,0.8066452145576477,0.18362608551979065,0.8149992823600769,0.1273588091135025,0.8212701678276062,0.0742567703127861,0.8203752636909485,0.31747323274612427,0.8489339351654053,0.258640319108963,0.8655495047569275,0.21976317465305328,0.8799014091491699,0.17885056138038635
0.7524494528770447,0.5503779649734497,0.6892259120941162,0.49137747287750244,0.6391487121582031,0.4028441607952118,0.6049556136131287,0.33018794655799866,0.580913245677948,0.2698018252849579,0.7039371728897095,0.25877541303634644,0.69000244140625,0.16317130625247955,0.6846868395805359,0.10913429409265518,0.6822368502616882,0.06020357087254524,0.7472772002220154,0.2570868134498596,0.7556989192962646,0.1486310213804245,0.7614813446998596,0.08596641570329666,0.7666771411895752,0.03548158332705498,0.785652220249176,0.2813391387462616,0.801062285900116,0.19358345866203308,0.8083293437957764,0.13992463052272797,0.8133462071418762,0.09021246433258057,0.8200794458389282,0.32373908162117004,0.8464239835739136,0.2646329998970032,0.8624020218849182,0.22656649351119995,0.8768846988677979,0.18679025769233704
0.754508376121521,0.5528656840324402,0.6899949908256531,0.4940516948699951,0.6388479471206665,0.40550312399864197,0.6051383018493652,0.3336903154850006,0.580775797367096,0.2754567265510559,0.7043929100036621,0.2612830698490143,0.6908052563667297,0.16540148854255676,0.6845691204071045,0.11121337860822678,0.6809871792793274,0.06341803073883057,0.747830867767334,0.2587336003780365,0.756480872631073,0.15018390119075775,0.7617058157920837,0.08923908323049545,0.7660775184631348,0.03970501571893692,0.7862955927848816,0.2813401520252228,0.8023120760917664,0.1921277493238449,0.8092280626296997,0.1394547075033188,0.8138024210929871,0.09054452925920486,0.8200888633728027,0.3220905661582947,0.8472475409507751,0.263577401638031,0.8636455535888672,0.2269262671470642,0.8781867027282715,0.18867653608322144
0.754004716873169,0.5548095703125,0.6899160742759705,0.49602797627449036,0.6383689045906067,0.4099248945713043,0.6049902439117432,0.33791568875312805,0.5814815759658813,0.277798056602478,0.7046164274215698,0.2656409442424774,0.69172203540802,0.17017441987991333,0.6867422461509705,0.11614550650119781,0.6843308806419373,0.06756363064050674,0.7485262751579285,0.2640317976474762,0.757535994052887,0.15540711581707,0.7628084421157837,0.09397228807210922,0.7674774527549744,0.042793191969394684,0.7869967222213745,0.2874380052089691,0.8035520315170288,0.19730937480926514,0.8098099827766418,0.14432595670223236,0.8137897253036499,0.09472759068012238,0.820965588092804,0.3293243646621704,0.8483823537826538,0.2673569917678833,0.8650158643722534,0.22956582903862,0.8793917894363403,0.1898057609796524
0.7517536282539368,0.567428469657898,0.6884914636611938,0.5107840299606323,0.6374168992042542,0.4251058101654053,0.6030269265174866,0.3527411222457886,0.5807315707206726,0.2898370027542114,0.701177179813385,0.2864929437637329,0.6880967617034912,0.18676328659057617,0.6835051774978638,0.12901704013347626,0.6812763214111328,0.07680011540651321,0.7458857893943787,0.28233426809310913,0.7548348903656006,0.17171624302864075,0.7612424492835999,0.1065165102481842,0.7671821713447571,0.051796093583106995,0.7844749689102173,0.30338945984840393,0.8006463646888733,0.21232418715953827,0.8076265454292297,0.15657635033130646,0.8126389980316162,0.1041874885559082,0.8182734847068787,0.34327375888824463,0.8455920815467834,0.28130245208740234,0.8625229001045227,0.24043908715248108,0.8773719668388367,0.19715608656406403
0.7490062713623047,0.6008210778236389,0.6876081824302673,0.5451242327690125,0.6362528800964355,0.45926353335380554,0.6013527512550354,0.38478878140449524,0.5788105726242065,0.3199805021286011,0.6953685283660889,0.3116106390953064,0.6823089718818665,0.21443647146224976,0.6780203580856323,0.1570584774017334,0.675264835357666,0.10549921542406082,0.7396852374076843,0.3079386353492737,0.74900883436203,0.19561102986335754,0.7557108998298645,0.13063126802444458,0.7611498832702637,0.07560846954584122,0.7787684798240662,0.3302123248577118,0.7918763756752014,0.23403161764144897,0.7983983159065247,0.17604485154151917,0.8030279874801636,0.12220431119203568,0.814071536064148,0.3716547191143036,0.8401341438293457,0.30326640605926514,0.8569263219833374,0.2581559121608734,0.8716447353363037,0.21130071580410004
0.7485640645027161,0.6294216513633728,0.6868247389793396,0.5745658874511719,0.6364285349845886,0.49140992760658264,0.6015408039093018,0.41827821731567383,0.577618420124054,0.3549741208553314,0.6926975250244141,0.3443205952644348,0.6780894994735718,0.24673032760620117,0.6732073426246643,0.18836072087287903,0.6707682609558105,0.1352364867925644,0.7356081008911133,0.33824285864830017,0.7429104447364807,0.22642824053764343,0.7501810193061829,0.1592833399772644,0.7562817931175232,0.1020752340555191,0.7737789750099182,0.35987284779548645,0.7858250141143799,0.2625686526298523,0.7926632165908813,0.2047155797481537,0.7970258593559265,0.1503310650587082,0.8094227910041809,0.40111085772514343,0.835286557674408,0.3305617868900299,0.8507828712463379,0.283160924911499,0.8637124300003052,0.23347042500972748
0.7525848150253296,0.637830913066864,0.6905657649040222,0.5861101150512695,0.6378929615020752,0.5049124360084534,0.6015135049819946,0.4337855577468872,0.5771480798721313,0.37080585956573486,0.6943929195404053,0.36480703949928284,0.6797303557395935,0.2643199861049652,0.6738798022270203,0.20496134459972382,0.671021580696106,0.14986686408519745,0.7377533912658691,0.3580781817436218,0.7435781359672546,0.2466922402381897,0.7497864961624146,0.17892467975616455,0.7558416128158569,0.11873243004083633,0.7760394215583801,0.3776802122592926,0.7889804244041443,0.2832322418689728,0.7947421073913574,0.22528038918972015,0.7986643314361572,0.16896271705627441,0.811259925365448,0.4161369502544403,0.8362379670143127,0.34758302569389343,0.8515665531158447,0.3010457158088684,0.8643231987953186,0.2505732774734497
0.7615607380867004,0.6436116099357605,0.6988260746002197,0.5913364291191101,0.6458807587623596,0.5077628493309021,0.6102390289306641,0.4370550215244293,0.5838412642478943,0.3804047107696533,0.7033659815788269,0.3722667098045349,0.6891083717346191,0.2683355212211609,0.6834127306938171,0.20517423748970032,0.6810433864593506,0.14723260700702667,0.7456897497177124,0.3651368319988251,0.7525591254234314,0.25156107544898987,0.7585474252700806,0.1825224757194519,0.764783501625061,0.12163109332323074,0.7831758260726929,0.38477623462677,0.7967216372489929,0.29043397307395935,0.8017995953559875,0.2317369282245636,0.8054908514022827,0.17577356100082397,0.8176047205924988,0.4233904480934143,0.8420671224594116,0.3561645448207855,0.8565369844436646,0.30920135974884033,0.8685535192489624,0.25948312878608704
0.7689598202705383,0.6511610150337219,0.7077276110649109,0.5884249210357666,0.6582889556884766,0.5001586079597473,0.6249886751174927,0.43213951587677,0.5989550948143005,0.38148054480552673,0.7205588221549988,0.37462949752807617,0.7183104157447815,0.28375643491744995,0.7227590680122375,0.23455917835235596,0.728952169418335,0.19510821998119354,0.7623928189277649,0.37340909242630005,0.7733657360076904,0.2750307321548462,0.7830089330673218,0.21936704218387604,0.7918804287910461,0.1784885823726654,0.7976504564285278,0.39840513467788696,0.8160353899002075,0.3104621171951294,0.8228678107261658,0.26299816370010376,0.8256223201751709,0.2274424433708191,0.8290833234786987,0.44388547539711,0.8511243462562561,0.38389530777931213,0.8573247194290161,0.3493684232234955,0.8581535816192627,0.3189671039581299
0.782200276851654,0.6493289470672607,0.7228925824165344,0.5702682137489319,0.6815582513809204,0.4821372628211975,0.6500834226608276,0.4105556607246399,0.6211578845977783,0.3595314621925354,0.7528825402259827,0.3868657946586609,0.7613696455955505,0.2916547954082489,0.7566951513290405,0.34281787276268005,0.7527390718460083,0.4053734242916107,0.7896251082420349,0.4026036262512207,0.8032897114753723,0.31428951025009155,0.7922041416168213,0.37512078881263733,0.7839522361755371,0.43868935108184814,0.8245527148246765,0.4280734360218048,0.8390166759490967,0.34717270731925964,0.8241086006164551,0.39798763394355774,0.8127338290214539,0.45668384432792664,0.8581777811050415,0.46475377678871155,0.871918797492981,0.3924446702003479,0.8558453321456909,0.4184378385543823,0.8412730693817139,0.461514949798584
0.7869715094566345,0.656997561454773,0.7403967976570129,0.5739361643791199,0.7081966400146484,0.46718356013298035,0.6849806308746338,0.38626983761787415,0.6579390168190002,0.33045485615730286,0.7740086913108826,0.3965418338775635,0.7839316129684448,0.35150688886642456,0.7685083746910095,0.4307003319263458,0.7520161867141724,0.5013871788978577,0.8180626630783081,0.42302563786506653,0.8289136290550232,0.36676180362701416,0.8048486113548279,0.45266497135162354,0.7835305333137512,0.5239389538764954,0.8560263514518738,0.45935603976249695,0.8725067377090454,0.4044344127178192,0.8413958549499512,0.4807490408420563,0.8120689988136292,0.5427940487861633,0.8880340456962585,0.5049241781234741,0.9051788449287415,0.4606126844882965,0.8799808621406555,0.5030378699302673,0.8526846766471863,0.5391271114349365
0.7927054166793823,0.658183753490448,0.7511163353919983,0.5742753148078918,0.7300121188163757,0.4526478946208954,0.7179356813430786,0.3678858280181885,0.69843989610672,0.30314576625823975,0.8021007776260376,0.36028754711151123,0.7941718697547913,0.35911616683006287,0.7692435383796692,0.4461260139942169,0.7517383694648743,0.5113162398338318,0.846045732498169,0.3956986665725708,0.8417549729347229,0.3875318169593811,0.801763653755188,0.48121926188468933,0.776517927646637,0.5412371158599854,0.8814169764518738,0.45260417461395264,0.883701503276825,0.43721529841423035,0.8388845920562744,0.5169387459754944,0.808634877204895,0.5645957589149475,0.907702624797821,0.5201898217201233,0.9110991358757019,0.5100517868995667,0.873181939125061,0.5588712096214294,0.8456673622131348,0.585820734500885
0.8025484085083008,0.6512904167175293,0.763019859790802,0.5595430135726929,0.7494761347770691,0.433603435754776,0.7467271685600281,0.34786659479141235,0.7340599894523621,0.27581271529197693,0.8326165080070496,0.35067489743232727,0.794678270816803,0.3498976230621338,0.7669219374656677,0.4345804750919342,0.7530041933059692,0.49885571002960205,0.874627411365509,0.3885294795036316,0.8289994597434998,0.40387362241744995,0.7908750772476196,0.4869360029697418,0.7729931473731995,0.5378180146217346,0.9038909673690796,0.4535467028617859,0.867100715637207,0.4654908776283264,0.822593092918396,0.530537486076355,0.7984572052955627,0.5674008131027222,0.9236305952072144,0.5288442373275757,0.8943828344345093,0.540727972984314,0.8535013794898987,0.5748802423477173,0.8296555280685425,0.5901966691017151
0.8347394466400146,0.5949754118919373,0.8004252910614014,0.5128578543663025,0.7893660068511963,0.4105149805545807,0.7848262786865234,0.3340953290462494,0.7845733761787415,0.2690315842628479,0.842681348323822,0.35668498277664185,0.7862959504127502,0.3504725694656372,0.75920569896698,0.4205572307109833,0.7536831498146057,0.46882814168930054,0.8731256723403931,0.4062259793281555,0.8048161268234253,0.3984043598175049,0.7717598080635071,0.47948744893074036,0.7677254676818848,0.5197497010231018,0.8938353657722473,0.4765819013118744,0.826528012752533,0.48049691319465637,0.7933861017227173,0.5434033274650574,0.7920299768447876,0.5714539885520935,0.9043872952461243,0.5549217462539673,0.8499546051025391,0.5663307905197144,0.8216223120689392,0.5925472378730774,0.8219171762466431,0.5987993478775024
0.8098917603492737,0.6666377186775208,0.7744903564453125,0.5383116602897644,0.7726482152938843,0.4066907465457916,0.7834597826004028,0.3150463104248047,0.7917823195457458,0.2403322011232376,0.8534097671508789,0.34544405341148376,0.7915093898773193,0.34460514783859253,0.7617469429969788,0.4242515563964844,0.7541683912277222,0.4820057153701782,0.8839092254638672,0.40024903416633606,0.804989218711853,0.4198208451271057,0.7732788324356079,0.49222949147224426,0.771942675113678,0.5299908518791199,0.9011674523353577,0.47519350051879883,0.8263965249061584,0.49365976452827454,0.7948101758956909,0.5440390110015869,0.7936297655105591,0.5669265985488892,0.9108404517173767,0.5579093098640442,0.8525956273078918,0.5639469027519226,0.8231814503669739,0.5870388150215149,0.8198950290679932,0.5966874957084656
0.8342970013618469,0.636814534664154,0.8003641963005066,0.4852202832698822,0.8010572791099548,0.37872886657714844,0.8162438869476318,0.2976190149784088,0.8409406542778015,0.21877919137477875,0.860477089881897,0.3575376570224762,0.7870492339134216,0.36198148131370544,0.7638797760009766,0.43121588230133057,0.7778910994529724,0.45126697421073914,0.8784142136573792,0.4277571737766266,0.7991101145744324,0.42118802666664124,0.768890380859375,0.49018269777297974,0.7848390340805054,0.5085205435752869,0.8848770260810852,0.5077236890792847,0.8094767332077026,0.5076820254325867,0.784053385257721,0.552733302116394,0.8025610446929932,0.566946268081665,0.8861833810806274,0.5809296369552612,0.8280900120735168,0.5867201089859009,0.8063716888427734,0.5986826419830322,0.8186323642730713,0.6058245897293091
0.8397881984710693,0.6379882097244263,0.8108445405960083,0.4835819900035858,0.8140093088150024,0.37820079922676086,0.8282330632209778,0.29750627279281616,0.8507531881332397,0.21877163648605347,0.8587608933448792,0.3647378981113434,0.7854197025299072,0.36339572072029114,0.7666752934455872,0.4275023639202118,0.7836387753486633,0.4450577199459076,0.8722527623176575,0.4371906816959381,0.7912881374359131,0.41946664452552795,0.768679678440094,0.48554012179374695,0.7850977778434753,0.5066848397254944,0.8744415044784546,0.5167893171310425,0.7948606610298157,0.5134097933769226,0.778326690196991,0.5586402416229248,0.7992777228355408,0.5751953125,0.8726323246955872,0.5877025127410889,0.8085113763809204,0.588979959487915,0.7963839769363403,0.6032441258430481,0.8142767548561096,0.6153521537780762
0.8489953279495239,0.652305006980896,0.8208715319633484,0.49458447098731995,0.8228181600570679,0.38589680194854736,0.8336052298545837,0.30064913630485535,0.8586730360984802,0.22023379802703857,0.8578413724899292,0.374499648809433,0.7853460311889648,0.36244919896125793,0.7677721977233887,0.425150066614151,0.7829272747039795,0.44282612204551697,0.8674182295799255,0.44383618235588074,0.7882124185562134,0.42054930329322815,0.7716147303581238,0.48862531781196594,0.7878522872924805,0.5123602151870728,0.8674701452255249,0.521805465221405,0.7901879549026489,0.5114786028862,0.779548168182373,0.5612019896507263,0.800121545791626,0.581769585609436,0.8639132380485535,0.5914959907531738,0.8007788062095642,0.5882333517074585,0.7931092381477356,0.6034213900566101,0.8105606436729431,0.6166338920593262
0.8503678441047668,0.650274932384491,0.8236818909645081,0.4924089312553406,0.8255822062492371,0.3754274845123291,0.8386477828025818,0.2865709364414215,0.8640614151954651,0.20815883576869965,0.8639993667602539,0.37378284335136414,0.7857075929641724,0.3670012354850769,0.7716799974441528,0.42395099997520447,0.7860291600227356,0.44193127751350403,0.8750677704811096,0.4473789632320404,0.7868054509162903,0.42915478348731995,0.7708499431610107,0.4881300628185272,0.7854067087173462,0.5139979124069214,0.8745576739311218,0.5268553495407104,0.7904112935066223,0.5141871571540833,0.7812232971191406,0.5566161274909973,0.8030967116355896,0.5806583762168884,0.8687208890914917,0.597437858581543,0.8018827438354492,0.592307448387146,0.7950828671455383,0.6068458557128906,0.813978910446167,0.619681715965271
0.8520665764808655,0.6551564335823059,0.8258728981018066,0.49173077940940857,0.8291258811950684,0.3773723244667053,0.8410069942474365,0.2910274863243103,0.867416262626648,0.21359805762767792,0.8656749725341797,0.37516066431999207,0.790444016456604,0.36774876713752747,0.7740858197212219,0.42724722623825073,0.786368191242218,0.44762372970581055,0.8767988085746765,0.4482343792915344,0.7906095385551453,0.4294613301753998,0.7731657028198242,0.49163660407066345,0.7869009375572205,0.5198724269866943,0.8760044574737549,0.5276868343353271,0.7948699593544006,0.5109537839889526,0.7848998308181763,0.5551224946975708,0.8053717613220215,0.5811892151832581,0.8688244223594666,0.5980417132377625,0.8046910762786865,0.5932817459106445,0.7982958555221558,0.6054390072822571,0.8160613775253296,0.6157896518707275
0.8508086800575256,0.6573476791381836,0.8265343904495239,0.4927229583263397,0.8300150036811829,0.3755961060523987,0.8424427509307861,0.2871994972229004,0.8691143989562988,0.21014943718910217,0.8684389591217041,0.3756374716758728,0.7916899919509888,0.3636622428894043,0.7763347029685974,0.423608660697937,0.790336549282074,0.4427104592323303,0.8795104026794434,0.44909071922302246,0.7904898524284363,0.42702364921569824,0.7737445831298828,0.49014750123023987,0.7895176410675049,0.5186018943786621,0.8781788945198059,0.5300317406654358,0.7949334383010864,0.5094091892242432,0.7847340106964111,0.5541402697563171,0.8070196509361267,0.5817686915397644,0.870728611946106,0.6021928191184998,0.8057278394699097,0.5920970439910889,0.7986077070236206,0.6061717867851257,0.8179202675819397,0.6197137236595154
0.8511245250701904,0.6602280139923096,0.8276898264884949,0.4930259585380554,0.8319975733757019,0.3809748589992523,0.841812789440155,0.29509425163269043,0.865706205368042,0.2158445417881012,0.8673551678657532,0.3780791759490967,0.7951014041900635,0.3606049716472626,0.7772483825683594,0.42257580161094666,0.7889176607131958,0.4433610141277313,0.8773679733276367,0.45133718848228455,0.7942032217979431,0.4229185879230499,0.7740254402160645,0.4917612373828888,0.7877209782600403,0.5214060544967651,0.8765202760696411,0.5310911536216736,0.7980002760887146,0.5077580809593201,0.7854887247085571,0.5572347044944763,0.8054525256156921,0.5863924026489258,0.8706346154212952,0.6017714738845825,0.809514582157135,0.5929784178733826,0.8011267781257629,0.606921374797821,0.8181813955307007,0.6226485371589661
0.8489313721656799,0.6569681763648987,0.8213097453117371,0.4953055679798126,0.8263617753982544,0.3764672577381134,0.8425164222717285,0.2847474217414856,0.8683729767799377,0.2087530493736267,0.8705356121063232,0.3740524649620056,0.7953644394874573,0.36403656005859375,0.7773127555847168,0.4234052002429962,0.7894435524940491,0.4422100782394409,0.8825632929801941,0.44770821928977966,0.795645534992218,0.42793384194374084,0.7740162014961243,0.4878154993057251,0.7871935367584229,0.5136504769325256,0.8823408484458923,0.5268287658691406,0.7990665435791016,0.5124593377113342,0.7845572233200073,0.5533676147460938,0.8044089674949646,0.5776795744895935,0.8759143352508545,0.5955103039741516,0.8088858723640442,0.5914860963821411,0.7981794476509094,0.6057325601577759,0.8149855136871338,0.618156909942627
0.83540278673172,0.6569069027900696,0.805729866027832,0.4951545298099518,0.8126288056373596,0.37170857191085815,0.8309744000434875,0.28211283683776855,0.8575292825698853,0.21020077168941498,0.8708163499832153,0.36794209480285645,0.7962726354598999,0.3595890998840332,0.771384060382843,0.42140284180641174,0.7795426845550537,0.44572415947914124,0.8857598304748535,0.44153138995170593,0.7999305129051208,0.42350637912750244,0.7685464024543762,0.486878365278244,0.7783603668212891,0.5138897895812988,0.8896379470825195,0.5209089517593384,0.8060857057571411,0.5089780688285828,0.7823102474212646,0.5505959391593933,0.7990522384643555,0.5733210444450378,0.8858910799026489,0.5931068658828735,0.8212948441505432,0.5798735618591309,0.8007280230522156,0.5931621193885803,0.812016487121582,0.6062480211257935
0.8184111714363098,0.6641399264335632,0.7771514654159546,0.5473372936248779,0.7701839804649353,0.41438916325569153,0.7677522301673889,0.3258573114871979,0.7634643912315369,0.2411595582962036,0.8524921536445618,0.34827786684036255,0.8027670383453369,0.3149104118347168,0.7576783299446106,0.36969757080078125,0.7303704023361206,0.42351242899894714,0.883779764175415,0.39810964465141296,0.8261776566505432,0.3677999675273895,0.7710909843444824,0.42968326807022095,0.7480590343475342,0.4818098247051239,0.9033522605895996,0.46910664439201355,0.8458506464958191,0.4498341381549835,0.795476496219635,0.49667879939079285,0.7775120139122009,0.5330502986907959,0.9129880666732788,0.5471068620681763,0.8629448413848877,0.5287646055221558,0.8215686678886414,0.5429626703262329,0.8055438995361328,0.5541691184043884
0.7930176258087158,0.6551305055618286,0.7472335696220398,0.5941023230552673,0.7256898283958435,0.49268120527267456,0.7180600166320801,0.4122512936592102,0.7079905271530151,0.33443108201026917,0.7932016849517822,0.39381614327430725,0.8092275857925415,0.305406391620636,0.7879131436347961,0.2795606851577759,0.7608823180198669,0.28043749928474426,0.8278524875640869,0.41741618514060974,0.8446241617202759,0.3154621422290802,0.8083363175392151,0.33110934495925903,0.7783957123756409,0.37407049536705017,0.8575775027275085,0.45969274640083313,0.8746192455291748,0.37363582849502563,0.8317282795906067,0.39835309982299805,0.7973202466964722,0.4411477744579315,0.8857207894325256,0.5195192694664001,0.8970000743865967,0.46243569254875183,0.8624065518379211,0.47517141699790955,0.8298360705375671,0.5042523741722107
0.7933712005615234,0.6937513947486877,0.7405501008033752,0.6433807611465454,0.7117741107940674,0.5547195672988892,0.7233615517616272,0.474427193403244,0.7414708137512207,0.40146276354789734,0.7537978291511536,0.40624579787254333,0.7508105635643005,0.2973693609237671,0.7506937980651855,0.2279641479253769,0.7543016076087952,0.16698655486106873,0.7996857166290283,0.4075433015823364,0.8072491884231567,0.30368807911872864,0.8137134313583374,0.24416373670101166,0.8170238137245178,0.2031591236591339,0.8380593657493591,0.44095876812934875,0.8557000756263733,0.35062822699546814,0.8578958511352539,0.3062698245048523,0.8507198691368103,0.27873092889785767,0.8727016448974609,0.49698203802108765,0.895251452922821,0.4332744777202606,0.8978266716003418,0.4005548059940338,0.8873332738876343,0.3790154755115509
0.8078348636627197,0.6955485939979553,0.7493897080421448,0.6562377214431763,0.718395471572876,0.574865996837616,0.7399243712425232,0.49729806184768677,0.7752055525779724,0.4362863600254059,0.7404183745384216,0.4256584942340851,0.7308818697929382,0.30003389716148376,0.7278460264205933,0.21574266254901886,0.7314452528953552,0.14217396080493927,0.791252851486206,0.4115757942199707,0.8018332719802856,0.27115440368652344,0.8110941052436829,0.17750318348407745,0.8193319439888,0.0986519306898117,0.835241436958313,0.4327974021434784,0.8508263230323792,0.31751760840415955,0.8582579493522644,0.2443949431180954,0.8632300496101379,0.18080121278762817,0.8737825751304626,0.4765987992286682,0.9024319052696228,0.4002217650413513,0.9195345640182495,0.34410902857780457,0.9326631426811218,0.28991591930389404
0.8149430155754089,0.7227405309677124,0.7587016820907593,0.6712100505828857,0.7255223989486694,0.5778877139091492,0.7552481293678284,0.49394896626472473,0.801558792591095,0.44515901803970337,0.7461872100830078,0.41899213194847107,0.7334321737289429,0.29984399676322937,0.7279500365257263,0.21941135823726654,0.7263637781143188,0.14755599200725555,0.7975192070007324,0.40173113346099854,0.8054386973381042,0.26250648498535156,0.812627911567688,0.17084349691867828,0.8186495304107666,0.09164361655712128,0.842659592628479,0.42336413264274597,0.8575130701065063,0.30325162410736084,0.8645365238189697,0.22879187762737274,0.8687036633491516,0.16133667528629303,0.883780300617218,0.47194692492485046,0.9125839471817017,0.38442182540893555,0.9305989146232605,0.32896721363067627,0.9436339139938354,0.2760165333747864
0.8170492053031921,0.7346127033233643,0.7619351148605347,0.6829527616500854,0.726338803768158,0.5930364727973938,0.7555121183395386,0.5063295960426331,0.8007370829582214,0.4492577612400055,0.7483210563659668,0.42151015996932983,0.7332215309143066,0.3014855980873108,0.7279644012451172,0.22038808465003967,0.7280785441398621,0.14631128311157227,0.7993934154510498,0.40253138542175293,0.8069885969161987,0.2624649107456207,0.8139163255691528,0.17427115142345428,0.8204778432846069,0.09455987811088562,0.8440024256706238,0.4246322512626648,0.8595491051673889,0.3061453104019165,0.867560088634491,0.23125311732292175,0.8733698129653931,0.16218465566635132,0.8850153684616089,0.4746323823928833,0.9136866927146912,0.39156365394592285,0.9317346215248108,0.3360530734062195,0.9454615116119385,0.2815975546836853
0.8184177875518799,0.7359967231750488,0.7621757388114929,0.6852130889892578,0.7252171635627747,0.5975023508071899,0.7528669834136963,0.514180064201355,0.7963359951972961,0.45646482706069946,0.7485670447349548,0.42018982768058777,0.7313462495803833,0.3015013635158539,0.7251325249671936,0.22058427333831787,0.7247663736343384,0.1465531438589096,0.8003153800964355,0.40179643034935,0.8089394569396973,0.2619260847568512,0.8163544535636902,0.1746932715177536,0.8233475089073181,0.09484205394983292,0.845167338848114,0.4250272512435913,0.8615918755531311,0.3068334758281708,0.8696112632751465,0.2326875627040863,0.8749111890792847,0.16309086978435516,0.8859861493110657,0.47685056924819946,0.9154107570648193,0.39497241377830505,0.9340530633926392,0.34041523933410645,0.9482188820838928,0.28566282987594604
0.8189951777458191,0.7387118935585022,0.7634316682815552,0.6858903765678406,0.7264811992645264,0.5974470973014832,0.7537073493003845,0.5139971375465393,0.796598494052887,0.45436471700668335,0.7501444816589355,0.4199311137199402,0.7338017821311951,0.3002125322818756,0.7283498048782349,0.21929414570331573,0.728516161441803,0.14603178203105927,0.8018717169761658,0.40342727303504944,0.8117993474006653,0.2626917362213135,0.8198659420013428,0.17413347959518433,0.8277335166931152,0.0943894311785698,0.8463221192359924,0.42838335037231445,0.8626053333282471,0.3092462420463562,0.8709974884986877,0.23482051491737366,0.8774505853652954,0.16551047563552856,0.8867183923721313,0.48201844096183777,0.9163947701454163,0.40056806802749634,0.935276985168457,0.34575074911117554,0.9503408670425415,0.2905348539352417
0.8200625777244568,0.7383042573928833,0.7649848461151123,0.6863995790481567,0.7275722622871399,0.6006945967674255,0.7539464235305786,0.5166008472442627,0.7965983748435974,0.45823922753334045,0.7523267269134521,0.4186771512031555,0.7363325357437134,0.29804351925849915,0.7310298681259155,0.21744869649410248,0.731170654296875,0.14490924775600433,0.8045003414154053,0.40172192454338074,0.815227210521698,0.26082053780555725,0.8235946893692017,0.17318566143512726,0.8313207626342773,0.09505283832550049,0.8494361042976379,0.4255688488483429,0.8656110167503357,0.30806854367256165,0.8734924793243408,0.2335812896490097,0.879277765750885,0.1638621985912323,0.8900710940361023,0.477925181388855,0.9191344380378723,0.39751359820365906,0.9378852844238281,0.3434307873249054,0.9528239369392395,0.28906530141830444
0.820339560508728,0.7436124682426453,0.7651509642601013,0.686636209487915,0.728328287601471,0.5974972248077393,0.7515161037445068,0.515436589717865,0.7926228642463684,0.4556562006473541,0.7555269002914429,0.4233371317386627,0.7421968579292297,0.2988030016422272,0.7375960350036621,0.21453464031219482,0.738888680934906,0.13906174898147583,0.8078513741493225,0.4121434688568115,0.8205459117889404,0.2698662281036377,0.8315977454185486,0.1781606525182724,0.8422753810882568,0.09472793340682983,0.8529402017593384,0.43902766704559326,0.8714211583137512,0.31889861822128296,0.880669891834259,0.2438770830631256,0.8870908617973328,0.17535176873207092,0.8937920928001404,0.4928296208381653,0.9260715246200562,0.4124751687049866,0.9461648464202881,0.3564812242984772,0.9620940089225769,0.3016195595264435
0.8251926898956299,0.7428154349327087,0.7716467380523682,0.6700978875160217,0.7413732409477234,0.5773213505744934,0.7578700184822083,0.4957914650440216,0.7909857034683228,0.42899850010871887,0.7759885787963867,0.41877514123916626,0.7665804028511047,0.28496068716049194,0.7626382112503052,0.205073744058609,0.761064887046814,0.13227669894695282,0.8246296644210815,0.42447417974472046,0.8374772667884827,0.2813419997692108,0.8501684069633484,0.19107095897197723,0.858924925327301,0.11707939952611923,0.865136981010437,0.4670794606208801,0.8801005482673645,0.3792692720890045,0.8761739730834961,0.32847580313682556,0.8662883043289185,0.2866624891757965,0.9007114768028259,0.5324073433876038,0.9146576523780823,0.4766545295715332,0.9115070700645447,0.44903382658958435,0.899421751499176,0.43012458086013794
0.8375797271728516,0.7498788237571716,0.7861566543579102,0.6730242371559143,0.7597548365592957,0.571418285369873,0.7770306468009949,0.48039016127586365,0.8052021861076355,0.40792039036750793,0.797277569770813,0.420081228017807,0.7911996841430664,0.2872055470943451,0.7903077602386475,0.2049863040447235,0.7924256920814514,0.13005812466144562,0.8442333936691284,0.43306171894073486,0.856168270111084,0.3075858950614929,0.8599624633789062,0.23561005294322968,0.8637678623199463,0.16985532641410828,0.8871159553527832,0.4768695533275604,0.8896970152854919,0.40660160779953003,0.8500903844833374,0.4843796491622925,0.8215650916099548,0.5467596650123596,0.9230843186378479,0.5427100658416748,0.9141018986701965,0.5002079606056213,0.8762478232383728,0.551794171333313,0.847188413143158,0.5998238921165466
0.8400219678878784,0.7538031935691833,0.7874182462692261,0.6796604990959167,0.7624714374542236,0.5732995271682739,0.7889206409454346,0.48361292481422424,0.8290067315101624,0.42712005972862244,0.7929474115371704,0.4314209520816803,0.7874956727027893,0.2933727204799652,0.7875374555587769,0.20751884579658508,0.7891579866409302,0.1309010088443756,0.8406317830085754,0.442571222782135,0.8521350622177124,0.31079918146133423,0.8554885983467102,0.23529092967510223,0.8583556413650513,0.16728629171848297,0.8842719197273254,0.4830930531024933,0.8824471831321716,0.4148877263069153,0.8473601341247559,0.5030087828636169,0.8236134648323059,0.570501983165741,0.9216786026954651,0.5429271459579468,0.9111796617507935,0.4947214126586914,0.8789220452308655,0.5511980056762695,0.8554903268814087,0.602425754070282
0.8330691456794739,0.7536596059799194,0.7817644476890564,0.6781547665596008,0.7572135329246521,0.570462167263031,0.7875892519950867,0.4873622953891754,0.8297061324119568,0.43995940685272217,0.7849676012992859,0.43352174758911133,0.7772510051727295,0.2952602803707123,0.7762908339500427,0.20795020461082458,0.7780151963233948,0.13034678995609283,0.8341265320777893,0.4415602684020996,0.841851532459259,0.3022913634777069,0.8456868529319763,0.2222781777381897,0.851069450378418,0.14986321330070496,0.8794528245925903,0.4826491177082062,0.8739628195762634,0.4159736633300781,0.841121256351471,0.5102781653404236,0.821243405342102,0.5801956653594971,0.9175822138786316,0.5454261898994446,0.9037619829177856,0.4943559765815735,0.8717939853668213,0.5526120066642761,0.8507102727890015,0.6038402915000916
0.831344485282898,0.7516108751296997,0.7796316146850586,0.6790285706520081,0.755122184753418,0.5710726380348206,0.7846774458885193,0.4867091178894043,0.8272387385368347,0.43736523389816284,0.7806047797203064,0.43320778012275696,0.7716684937477112,0.29733654856681824,0.7701841592788696,0.21117724478244781,0.771872878074646,0.1351448893547058,0.8292602300643921,0.44127628207206726,0.8393017053604126,0.29784175753593445,0.845700740814209,0.2114247977733612,0.8534495234489441,0.13562583923339844,0.8738175630569458,0.48200392723083496,0.8716637492179871,0.4176565706729889,0.8394094109535217,0.5109497904777527,0.8188194036483765,0.5812309980392456,0.911390483379364,0.5431874394416809,0.9020546078681946,0.49142026901245117,0.8714674711227417,0.5514670014381409,0.8494094610214233,0.6055665612220764
0.8326221704483032,0.7536689043045044,0.7796253561973572,0.6786084771156311,0.7550985813140869,0.571739912033081,0.7855871915817261,0.48603567481040955,0.829201877117157,0.4388330578804016,0.7792505621910095,0.43306487798690796,0.7719405889511108,0.2998255491256714,0.7693593502044678,0.2143186330795288,0.7696242928504944,0.1392149180173874,0.8276679515838623,0.44191956520080566,0.8373238444328308,0.3025484085083008,0.8439974784851074,0.21347202360630035,0.8524232506752014,0.13478167355060577,0.8724120855331421,0.48345422744750977,0.8714282512664795,0.42621222138404846,0.838921844959259,0.5164475440979004,0.8186529278755188,0.5829972624778748,0.9098917245864868,0.5447146892547607,0.9012833833694458,0.49858173727989197,0.8695917129516602,0.5569363236427307,0.8467135429382324,0.6084210276603699
0.8324825167655945,0.755084753036499,0.7800202965736389,0.6787777543067932,0.755043089389801,0.5717587471008301,0.7856537103652954,0.48519015312194824,0.8285470008850098,0.43743690848350525,0.7787630558013916,0.4314801096916199,0.771787166595459,0.30006101727485657,0.7700448632240295,0.21569254994392395,0.7711134552955627,0.14084310829639435,0.8272441625595093,0.437743216753006,0.8363268375396729,0.29887357354164124,0.844191312789917,0.21059578657150269,0.8542572855949402,0.13200952112674713,0.872001588344574,0.4772959053516388,0.8712188601493835,0.42230352759361267,0.8380533456802368,0.5126600861549377,0.8172591924667358,0.579757571220398,0.9092025756835938,0.5379149317741394,0.9003291130065918,0.4953412711620331,0.8677834272384644,0.5525322556495667,0.8439639806747437,0.6034569144248962
0.834570586681366,0.7550031542778015,0.7811751365661621,0.6814159750938416,0.7554219961166382,0.5721386671066284,0.7875568866729736,0.48506221175193787,0.8325470089912415,0.4387291967868805,0.7777368426322937,0.4367999732494354,0.7719752788543701,0.30174174904823303,0.770896315574646,0.21672485768795013,0.7722802758216858,0.14183533191680908,0.8263399600982666,0.44316452741622925,0.8365001678466797,0.30382010340690613,0.8442846536636353,0.2166295200586319,0.8534929752349854,0.13945236802101135,0.8712494373321533,0.4811190068721771,0.8710793852806091,0.4257270395755768,0.8395809531211853,0.5160110592842102,0.8200581669807434,0.5839585065841675,0.9087417721748352,0.5395463109016418,0.8992723226547241,0.49698251485824585,0.8690003156661987,0.5555616617202759,0.848022997379303,0.6080855131149292
0.8340330719947815,0.7553375363349915,0.7820148468017578,0.6796653270721436,0.7554087042808533,0.5737209916114807,0.7849856615066528,0.485060453414917,0.8282880187034607,0.4339737594127655,0.7789219617843628,0.43949243426322937,0.77344810962677,0.30248650908470154,0.7733907103538513,0.2180200070142746,0.7756707668304443,0.1438998132944107,0.8266450762748718,0.4458526372909546,0.8343159556388855,0.30639827251434326,0.8422507047653198,0.21929074823856354,0.8512247800827026,0.14289481937885284,0.8708640336990356,0.4819938838481903,0.8666948080062866,0.4258325695991516,0.8377098441123962,0.5126876831054688,0.8200686573982239,0.5800825953483582,0.9084845781326294,0.5368616580963135,0.8968846797943115,0.4938150942325592,0.8672569394111633,0.550248384475708,0.8463555574417114,0.6028427481651306
0.8324596881866455,0.7522146701812744,0.7826512455940247,0.6857075691223145,0.7564854621887207,0.587628185749054,0.7734025716781616,0.4998669922351837,0.8089529871940613,0.44689950346946716,0.780373752117157,0.43362289667129517,0.7760421633720398,0.3074100613594055,0.7750629186630249,0.22714461386203766,0.7757123708724976,0.15397410094738007,0.8286299705505371,0.4376693367958069,0.8368778824806213,0.29460737109184265,0.8437574505805969,0.20308494567871094,0.8500223159790039,0.12743908166885376,0.8728345036506653,0.4751031696796417,0.8671468496322632,0.40839147567749023,0.8393913507461548,0.4593268632888794,0.8190999031066895,0.5054268836975098,0.9104788303375244,0.5326216220855713,0.8942388296127319,0.47895488142967224,0.8648496270179749,0.5321613550186157,0.8437686562538147,0.5885054469108582
0.8366801738739014,0.7427215576171875,0.7852539420127869,0.6824778318405151,0.7600571513175964,0.5784353017807007,0.7885010242462158,0.48890289664268494,0.8269011378288269,0.4302913546562195,0.7739656567573547,0.4292528033256531,0.7613898515701294,0.3035012483596802,0.7618368864059448,0.22316691279411316,0.7630906701087952,0.15167316794395447,0.8228641152381897,0.4232504367828369,0.8299356698989868,0.27524033188819885,0.8415189981460571,0.18395169079303741,0.8499060273170471,0.10831227153539658,0.8651651740074158,0.454135000705719,0.8758437037467957,0.3586955666542053,0.8735031485557556,0.3060217499732971,0.8691850900650024,0.2585192322731018,0.9033792018890381,0.5104960799217224,0.8961372971534729,0.4462786912918091,0.8751264810562134,0.487165242433548,0.8551689982414246,0.5355839133262634
0.8397670984268188,0.7424114942550659,0.7898790240287781,0.679773211479187,0.7667108178138733,0.5666755437850952,0.8073094487190247,0.479525089263916,0.8532935380935669,0.43288856744766235,0.7661305069923401,0.42804187536239624,0.7488067746162415,0.30455368757247925,0.7464438080787659,0.22434303164482117,0.7447792291641235,0.15307755768299103,0.8147658109664917,0.4146314561367035,0.8182843327522278,0.2684905529022217,0.8267163634300232,0.17853575944900513,0.8323846459388733,0.10041218996047974,0.8569537997245789,0.4406828284263611,0.8654520511627197,0.33228600025177,0.8641581535339355,0.2582179009914398,0.861253023147583,0.18804866075515747,0.896418571472168,0.49399954080581665,0.8907256126403809,0.4349767863750458,0.8739570379257202,0.4726123809814453,0.8586658835411072,0.5134410858154297
0.8404483199119568,0.7388530373573303,0.7926489114761353,0.6843214631080627,0.7673290967941284,0.5723630785942078,0.8060333728790283,0.480741024017334,0.8494239449501038,0.42588767409324646,0.7592698931694031,0.4310178756713867,0.7376818656921387,0.31225958466529846,0.731782853603363,0.23530931770801544,0.7270517349243164,0.1647685170173645,0.8069130182266235,0.41067737340927124,0.8068949580192566,0.26673462986946106,0.8118059635162354,0.1810448169708252,0.8136576414108276,0.10318290442228317,0.8485265374183655,0.43046778440475464,0.860182523727417,0.3140825927257538,0.8620152473449707,0.23732371628284454,0.8610835671424866,0.1626630574464798,0.8871678709983826,0.48041555285453796,0.8830490112304688,0.4136258363723755,0.870710551738739,0.458332359790802,0.8601111173629761,0.5053781867027283
0.8406670093536377,0.7481108903884888,0.7926000952720642,0.6917638778686523,0.7681310176849365,0.5722638368606567,0.8099709749221802,0.474543958902359,0.8571405410766602,0.4260750114917755,0.7556273937225342,0.43951109051704407,0.7316703200340271,0.3187534809112549,0.7238680720329285,0.24321725964546204,0.7172085642814636,0.17685018479824066,0.8035024404525757,0.41836434602737427,0.7992294430732727,0.2763814628124237,0.7996359467506409,0.19334284961223602,0.7982417345046997,0.12235134094953537,0.8460283279418945,0.436190128326416,0.8610709309577942,0.31460630893707275,0.8633914589881897,0.23591823875904083,0.8633802533149719,0.16286782920360565,0.8852702379226685,0.48605647683143616,0.8861745595932007,0.4141699969768524,0.873787522315979,0.45433080196380615,0.8625596761703491,0.5024831295013428
0.8416823744773865,0.7463032007217407,0.7941526770591736,0.6880106925964355,0.7712788581848145,0.5690075159072876,0.8140744566917419,0.4727962613105774,0.8606293201446533,0.4242580831050873,0.7559688091278076,0.44099345803260803,0.7311872243881226,0.3190716505050659,0.7209757566452026,0.2438722401857376,0.7125478982925415,0.17975082993507385,0.8033384680747986,0.4195025563240051,0.796904981136322,0.2792387306690216,0.7948460578918457,0.1997397243976593,0.792259931564331,0.13556092977523804,0.8458162546157837,0.43816572427749634,0.864491879940033,0.31427156925201416,0.8657077550888062,0.23750953376293182,0.8653256297111511,0.17030924558639526,0.883474588394165,0.4880017936229706,0.8818723559379578,0.42150166630744934,0.8705452084541321,0.45756056904792786,0.8610811233520508,0.5001891851425171
0.8431485295295715,0.7483090758323669,0.7946875095367432,0.6865717768669128,0.7735947966575623,0.5702735185623169,0.8186637759208679,0.4720754027366638,0.8670680522918701,0.42425668239593506,0.7561648488044739,0.44040384888648987,0.7318630218505859,0.31552568078041077,0.7210940718650818,0.24394932389259338,0.7122945189476013,0.1791151762008667,0.8029256463050842,0.419906884431839,0.7940873503684998,0.28142762184143066,0.7899987697601318,0.20449601113796234,0.7866750359535217,0.14208891987800598,0.8452404737472534,0.43528634309768677,0.864915668964386,0.3151613473892212,0.8697751760482788,0.24335737526416779,0.8721649050712585,0.17927002906799316,0.8838012218475342,0.4841623902320862,0.8842795491218567,0.40692293643951416,0.8758739829063416,0.44770747423171997,0.8684374690055847,0.5010732412338257
0.8452076315879822,0.7471002340316772,0.7976358532905579,0.6841848492622375,0.7774013876914978,0.5679671764373779,0.8240839242935181,0.4715990424156189,0.8720488548278809,0.42366892099380493,0.7580111622810364,0.4422559142112732,0.7334998250007629,0.3154093623161316,0.7223610877990723,0.24366362392902374,0.7127096056938171,0.17838962376117706,0.8042830228805542,0.42186403274536133,0.7950325012207031,0.2815883755683899,0.7907513380050659,0.20422792434692383,0.7871438264846802,0.14053019881248474,0.8464401960372925,0.43691286444664,0.8675869703292847,0.31737789511680603,0.873985230922699,0.24462595582008362,0.8778083324432373,0.17994704842567444,0.8840394616127014,0.4830363094806671,0.8798167705535889,0.40887802839279175,0.8705356121063232,0.4481580853462219,0.8632614612579346,0.49724090099334717
0.8457563519477844,0.7480370402336121,0.7981279492378235,0.6891012191772461,0.7779130339622498,0.570231556892395,0.8247817754745483,0.47007352113723755,0.872954785823822,0.42719802260398865,0.7586116194725037,0.43931126594543457,0.7337102293968201,0.313628613948822,0.7233635187149048,0.24219879508018494,0.7142497897148132,0.1775772124528885,0.8054510354995728,0.41901153326034546,0.7947272658348083,0.28033196926116943,0.790397047996521,0.20215384662151337,0.7866858243942261,0.14046786725521088,0.8478823304176331,0.4335026443004608,0.8679952025413513,0.3138710856437683,0.8745396733283997,0.24183472990989685,0.8776564002037048,0.1782149076461792,0.8861762881278992,0.4790133237838745,0.8818358182907104,0.40105512738227844,0.8723386526107788,0.4417423605918884,0.8643230199813843,0.49386200308799744
0.845881462097168,0.7505272030830383,0.7991568446159363,0.6900875568389893,0.7790016531944275,0.5711514949798584,0.8255025744438171,0.47281721234321594,0.8732563853263855,0.4259405732154846,0.7579696178436279,0.4432089328765869,0.7339156866073608,0.31592386960983276,0.7230640649795532,0.24346411228179932,0.7135866284370422,0.17824624478816986,0.8042933940887451,0.42214393615722656,0.7945910096168518,0.2812459170818329,0.7900292277336121,0.2032143473625183,0.786305844783783,0.1405276209115982,0.8468275666236877,0.43715202808380127,0.8661876916885376,0.3138037323951721,0.8707128763198853,0.24167408049106598,0.8725380301475525,0.17613628506660461,0.8850713968276978,0.4846046566963196,0.8816457390785217,0.4077204167842865,0.8716975450515747,0.45007750391960144,0.8632042407989502,0.5024817585945129
0.8451900482177734,0.746603786945343,0.7974356412887573,0.687857985496521,0.7754303812980652,0.5693765878677368,0.8200750350952148,0.4739514887332916,0.8666054606437683,0.42513611912727356,0.7569915056228638,0.4443317949771881,0.7323687672615051,0.31862539052963257,0.7211622595787048,0.2456187903881073,0.7112135887145996,0.18040978908538818,0.8033513426780701,0.4213871359825134,0.7937110066413879,0.2799708843231201,0.7889763712882996,0.20168714225292206,0.7841836214065552,0.13737325370311737,0.8443356156349182,0.43394431471824646,0.861957848072052,0.31027838587760925,0.8625398874282837,0.23714974522590637,0.8599326610565186,0.1704733520746231,0.8818665742874146,0.47814518213272095,0.8784603476524353,0.4044748544692993,0.870375394821167,0.44246459007263184,0.8622899651527405,0.4919605553150177
0.8455942869186401,0.7481049299240112,0.7933104038238525,0.6925707459449768,0.7659508585929871,0.5815706253051758,0.8044885396957397,0.48320114612579346,0.85170578956604,0.44352927803993225,0.7548576593399048,0.4412480890750885,0.7323907017707825,0.3208112120628357,0.7216394543647766,0.24614405632019043,0.7133639454841614,0.18328136205673218,0.8012718558311462,0.4147879183292389,0.7926490902900696,0.28241071105003357,0.7885057330131531,0.20503121614456177,0.7839418053627014,0.14200611412525177,0.8431763052940369,0.4272010028362274,0.8508839011192322,0.3096344470977783,0.8516746163368225,0.23576854169368744,0.8494042754173279,0.1732693314552307,0.8826809525489807,0.46608325839042664,0.8927087783813477,0.39475196599960327,0.8960389494895935,0.36666685342788696,0.8954275250434875,0.34586817026138306
0.8457240462303162,0.7505554556846619,0.7881397604942322,0.6895487308502197,0.7599720358848572,0.5744059681892395,0.7973538041114807,0.46952328085899353,0.8472153544425964,0.43958255648612976,0.7518172860145569,0.44009849429130554,0.7281628251075745,0.3215023875236511,0.7167559266090393,0.246893972158432,0.7090243101119995,0.18265415728092194,0.7987322211265564,0.41694819927215576,0.7904268503189087,0.28332263231277466,0.7851129174232483,0.2043636292219162,0.7792697548866272,0.13925515115261078,0.8429568409919739,0.42820388078689575,0.8462392091751099,0.3095262944698334,0.842751681804657,0.2341829240322113,0.8374369740486145,0.17033101618289948,0.8856887817382812,0.46120816469192505,0.9025700092315674,0.3703489601612091,0.9102315306663513,0.3076140284538269,0.9145815372467041,0.2510734796524048
0.8432368636131287,0.7534490823745728,0.7860549688339233,0.6910833716392517,0.7552306056022644,0.5695653557777405,0.7943150997161865,0.46692147850990295,0.8456540107727051,0.4333147406578064,0.7512633204460144,0.44015389680862427,0.7261868119239807,0.3272351920604706,0.7130679488182068,0.2535805106163025,0.7038877606391907,0.1910831332206726,0.7979620099067688,0.41570430994033813,0.7870627045631409,0.2846807837486267,0.7801527976989746,0.2066269814968109,0.7737954258918762,0.1433945596218109,0.8428971171379089,0.42843982577323914,0.845943808555603,0.3076801300048828,0.8414101600646973,0.23183056712150574,0.8356016278266907,0.16874009370803833,0.8858689069747925,0.4641084372997284,0.9111098647117615,0.3787940442562103,0.9245614409446716,0.316421240568161,0.9346451163291931,0.2606353461742401
0.8432445526123047,0.753973662853241,0.7869643568992615,0.6928066611289978,0.7573131918907166,0.5671558380126953,0.7998306155204773,0.46725279092788696,0.8514853715896606,0.44256505370140076,0.7518870234489441,0.43782150745391846,0.7246401906013489,0.32364556193351746,0.710893452167511,0.24774052202701569,0.7007070183753967,0.18548287451267242,0.7997109293937683,0.41229885816574097,0.7873378396034241,0.28297388553619385,0.779663622379303,0.20578715205192566,0.7727064490318298,0.14603237807750702,0.8463772535324097,0.4257879853248596,0.8493483662605286,0.31077873706817627,0.8440439105033875,0.2384680211544037,0.83756422996521,0.17566357553005219,0.8902722001075745,0.4605759382247925,0.9154371619224548,0.38238710165023804,0.9275947213172913,0.32486453652381897,0.9369163513183594,0.2706403434276581
0.8445074558258057,0.7586594820022583,0.7881802916526794,0.7018540501594543,0.756404459476471,0.5912989377975464,0.7982619404792786,0.49719488620758057,0.8515322208404541,0.46842092275619507,0.7565626502037048,0.43422213196754456,0.7277249693870544,0.32365837693214417,0.712224543094635,0.24857909977436066,0.7004367709159851,0.1854955106973648,0.8046742081642151,0.410421758890152,0.7918148040771484,0.2822936773300171,0.7825913429260254,0.20658479630947113,0.7737451791763306,0.15011189877986908,0.850753903388977,0.4264689087867737,0.8530698418617249,0.31579264998435974,0.8461336493492126,0.24502983689308167,0.8378781080245972,0.18476663529872894,0.8954581618309021,0.4664548337459564,0.9168703556060791,0.38528966903686523,0.9251523017883301,0.33038097620010376,0.9300904870033264,0.2810750901699066
0.844947874546051,0.766400158405304,0.7891099452972412,0.7069889903068542,0.7581831812858582,0.5958402752876282,0.8026042580604553,0.5018043518066406,0.8554049134254456,0.47065335512161255,0.7597594857215881,0.436305433511734,0.7305448651313782,0.32741373777389526,0.7141702175140381,0.25401967763900757,0.7008699178695679,0.19070225954055786,0.8080016374588013,0.41241368651390076,0.7974374890327454,0.28457018733024597,0.7882522940635681,0.20875218510627747,0.7788886427879333,0.15078672766685486,0.8537638783454895,0.4296146631240845,0.8566302061080933,0.3190902769565582,0.8495399355888367,0.2493102252483368,0.8410919308662415,0.19085441529750824,0.8986226320266724,0.4719626009464264,0.9199371933937073,0.38895127177238464,0.9272004961967468,0.33329883217811584,0.9310746192932129,0.28453850746154785
0.8462974429130554,0.76680588722229,0.7912085652351379,0.7056251168251038,0.7599825859069824,0.5985097885131836,0.804837703704834,0.5088580250740051,0.8602957129478455,0.4748861491680145,0.7589539289474487,0.43766307830810547,0.7303558588027954,0.3277047276496887,0.7150953412055969,0.25501006841659546,0.7033265829086304,0.1920098513364792,0.807578980922699,0.4140439033508301,0.7959195971488953,0.28589150309562683,0.7879037261009216,0.21153292059898376,0.7801457047462463,0.1534685641527176,0.8540597558021545,0.4312084913253784,0.85738205909729,0.3205569386482239,0.8509551286697388,0.2515110969543457,0.8428012728691101,0.19175241887569427,0.8995317220687866,0.4735465943813324,0.9218800663948059,0.39246848225593567,0.9292620420455933,0.3378024697303772,0.9325219392776489,0.2886875867843628
0.8453474044799805,0.7725839614868164,0.7902100682258606,0.711974561214447,0.7594431042671204,0.6049265265464783,0.8028377294540405,0.5124942660331726,0.8568562865257263,0.47588977217674255,0.7573611736297607,0.4423774182796478,0.7299506664276123,0.33107951283454895,0.7151491641998291,0.25623029470443726,0.7039417624473572,0.19151464104652405,0.8064537048339844,0.4178743362426758,0.7961156368255615,0.2887744903564453,0.7887205481529236,0.2144356220960617,0.7809184789657593,0.15475499629974365,0.8534560203552246,0.4344143569469452,0.8571588397026062,0.3231249153614044,0.8505403995513916,0.25348421931266785,0.8417418599128723,0.19149915874004364,0.8989506363868713,0.4770020842552185,0.9207749366760254,0.39553576707839966,0.9283713698387146,0.3398316502571106,0.9315483570098877,0.28846022486686707
0.8437003493309021,0.771925151348114,0.7872524857521057,0.7086504697799683,0.7569868564605713,0.6050126552581787,0.799936056137085,0.5142691731452942,0.8537142276763916,0.48227956891059875,0.757392168045044,0.4392055869102478,0.728523850440979,0.32686513662338257,0.713793158531189,0.2521842420101166,0.7024153470993042,0.18783344328403473,0.8062857389450073,0.41424474120140076,0.7957357168197632,0.2824156880378723,0.7889472842216492,0.20782028138637543,0.7816978096961975,0.15097318589687347,0.8532467484474182,0.4310426115989685,0.8571711182594299,0.3200085163116455,0.8508802652359009,0.2512814998626709,0.8424225449562073,0.19080939888954163,0.8988787531852722,0.47458264231681824,0.9203734397888184,0.39302632212638855,0.9280017018318176,0.33816030621528625,0.93158358335495,0.28788405656814575
0.8417100310325623,0.7700461745262146,0.7831858992576599,0.7028014659881592,0.7515688538551331,0.5934262275695801,0.7928662300109863,0.5003301501274109,0.8452858328819275,0.4593316614627838,0.7570791840553284,0.436323344707489,0.7288047671318054,0.32624557614326477,0.7138760089874268,0.2530263066291809,0.7027592062950134,0.18960213661193848,0.8058986067771912,0.41334494948387146,0.7968432903289795,0.2825991213321686,0.7895086407661438,0.20676183700561523,0.7825780510902405,0.14763136208057404,0.8528761863708496,0.4297145903110504,0.8571783900260925,0.3168482482433319,0.8511576056480408,0.24792245030403137,0.8432136178016663,0.18761107325553894,0.8985223770141602,0.4716239869594574,0.9213398098945618,0.39027902483940125,0.9293026924133301,0.3352433443069458,0.9328081607818604,0.2851816415786743
0.8403006792068481,0.7663073539733887,0.7746516466140747,0.7062687277793884,0.7361136674880981,0.6111870408058167,0.7412579655647278,0.5037595629692078,0.7539400458335876,0.41139623522758484,0.7577744126319885,0.4302978813648224,0.7283859848976135,0.32126981019973755,0.7140195369720459,0.24999263882637024,0.7046306133270264,0.18562377989292145,0.8075906038284302,0.4091462194919586,0.8006267547607422,0.280902236700058,0.7945500612258911,0.20336216688156128,0.7883508205413818,0.1407453566789627,0.8550540208816528,0.4265897870063782,0.8617339134216309,0.317754328250885,0.8581030964851379,0.24785909056663513,0.8517850637435913,0.1842125505208969,0.9007911682128906,0.4700136184692383,0.926070511341095,0.39287081360816956,0.9383775591850281,0.33895954489707947,0.9462809562683105,0.28542792797088623
0.8403830528259277,0.7624984383583069,0.7679144740104675,0.7124819159507751,0.7154024839401245,0.60700523853302,0.6894640326499939,0.5122649073600769,0.653422474861145,0.45855003595352173,0.7597448229789734,0.4345308244228363,0.73246169090271,0.3178463876247406,0.7203864455223083,0.24396298825740814,0.7121868133544922,0.17729119956493378,0.8106340765953064,0.41512978076934814,0.8079895377159119,0.28155407309532166,0.8054706454277039,0.20279301702976227,0.8017072677612305,0.13689091801643372,0.8581956624984741,0.4326980412006378,0.8673533797264099,0.31735458970069885,0.8660725951194763,0.24856889247894287,0.8611611723899841,0.18525488674640656,0.9036900997161865,0.4778032898902893,0.9335244297981262,0.40029484033584595,0.9493430852890015,0.34796902537345886,0.9594032168388367,0.29516738653182983
0.8327675461769104,0.7639947533607483,0.7617635130882263,0.7083073258399963,0.7061924934387207,0.6087478995323181,0.670068621635437,0.5349475145339966,0.6318264603614807,0.4980401396751404,0.7627997994422913,0.42571017146110535,0.7374881505966187,0.3124900460243225,0.7248978018760681,0.24081595242023468,0.7160989046096802,0.17948785424232483,0.8148210644721985,0.41114136576652527,0.8143812417984009,0.2758707106113434,0.8120909929275513,0.19496744871139526,0.8078179955482483,0.13161322474479675,0.8622071146965027,0.4330325424671173,0.8729718327522278,0.31524795293807983,0.8738930821418762,0.243296816945076,0.8714655041694641,0.17866826057434082,0.9042928218841553,0.48378124833106995,0.9380233287811279,0.40353384613990784,0.9573765993118286,0.34947600960731506,0.9716352820396423,0.2950192987918854
0.8335570693016052,0.7687984108924866,0.7658914923667908,0.7115750908851624,0.7090837359428406,0.614702582359314,0.6717510223388672,0.5447724461555481,0.6356241703033447,0.5055106282234192,0.7635656595230103,0.4275909662246704,0.7381859421730042,0.3132207691669464,0.7265313267707825,0.24178281426429749,0.7180390357971191,0.18022657930850983,0.8156037330627441,0.4130409359931946,0.8151075839996338,0.27774250507354736,0.8137382864952087,0.19607390463352203,0.8100417852401733,0.1325318068265915,0.8637246489524841,0.43484604358673096,0.8747712969779968,0.3195973038673401,0.875941812992096,0.24690119922161102,0.8735620975494385,0.18198484182357788,0.9068490862846375,0.4846482574939728,0.9399151802062988,0.4052731990814209,0.9583223462104797,0.3491859436035156,0.9720067977905273,0.2929304540157318
0.8336263298988342,0.7689086198806763,0.7657583355903625,0.7126746773719788,0.7100746035575867,0.6148980259895325,0.6741640567779541,0.5452123880386353,0.6384279131889343,0.5071927309036255,0.7645760774612427,0.4295234978199005,0.7391402125358582,0.31373900175094604,0.7279363870620728,0.23983676731586456,0.720545768737793,0.17667995393276215,0.8169270753860474,0.41496556997299194,0.8166369795799255,0.27809593081474304,0.8155784606933594,0.195405513048172,0.8125956058502197,0.13063421845436096,0.8649705052375793,0.43689945340156555,0.8769105076789856,0.32048580050468445,0.8789559006690979,0.24678179621696472,0.8773729205131531,0.18049369752407074,0.9076709747314453,0.48698320984840393,0.9415778517723083,0.4080740511417389,0.9603875875473022,0.35198092460632324,0.9746032953262329,0.2950214445590973
0.835189938545227,0.7707312703132629,0.7660380005836487,0.7130463719367981,0.7102317810058594,0.6155456900596619,0.6737645864486694,0.5472602248191833,0.6383795738220215,0.5110794305801392,0.7644473910331726,0.4297308027744293,0.7397915720939636,0.3125571608543396,0.7290826439857483,0.2388758808374405,0.7214576005935669,0.17523983120918274,0.817634642124176,0.41537830233573914,0.8187760710716248,0.27765166759490967,0.8177081346511841,0.19479627907276154,0.8136144280433655,0.12846936285495758,0.8659899234771729,0.4376238286495209,0.8782193064689636,0.3215160667896271,0.8797286748886108,0.24803036451339722,0.8772775530815125,0.18089498579502106,0.9082573056221008,0.4876841604709625,0.9424176216125488,0.4079415500164032,0.9615041017532349,0.35186266899108887,0.9754948019981384,0.29463475942611694
0.8355318307876587,0.7650274038314819,0.7677443027496338,0.7126273512840271,0.7107289433479309,0.6166481375694275,0.6730102896690369,0.5464991927146912,0.6363774538040161,0.5103905200958252,0.7649175524711609,0.42847949266433716,0.7394477725028992,0.3123915493488312,0.7284619808197021,0.23906846344470978,0.7207381129264832,0.17582106590270996,0.8174468278884888,0.4145662784576416,0.8178337812423706,0.27648690342903137,0.8165473341941833,0.1952030509710312,0.8124867081642151,0.13110584020614624,0.8653015494346619,0.43735986948013306,0.8772813677787781,0.3202785849571228,0.8786879181861877,0.24672985076904297,0.876160740852356,0.18045319616794586,0.9075258374214172,0.48749855160713196,0.9414499402046204,0.4062826335430145,0.960301399230957,0.3498505651950836,0.9737762212753296,0.2930222749710083
0.8351871967315674,0.7681930065155029,0.7649326324462891,0.713839054107666,0.7056646347045898,0.6200208067893982,0.664670467376709,0.5471351742744446,0.6258227229118347,0.5048208832740784,0.7632967233657837,0.43183621764183044,0.7390769124031067,0.31318801641464233,0.7286455035209656,0.23775337636470795,0.7218632102012634,0.1718718260526657,0.8157020211219788,0.4174808859825134,0.8170992732048035,0.27939143776893616,0.8157668113708496,0.19558389484882355,0.8121278882026672,0.1276659518480301,0.8631746768951416,0.4397141635417938,0.8746546506881714,0.32129836082458496,0.8759843111038208,0.24522866308689117,0.8742460012435913,0.17743943631649017,0.9050235748291016,0.4898954927921295,0.9390531778335571,0.40676048398017883,0.9583930969238281,0.34920430183410645,0.9727475047111511,0.29228463768959045
0.8351390361785889,0.7734501361846924,0.7684032320976257,0.7180181741714478,0.7116784453392029,0.6299822330474854,0.6705430746078491,0.5518941879272461,0.6330493688583374,0.4925713837146759,0.756530225276947,0.4535469114780426,0.7416122555732727,0.3331768214702606,0.7356603741645813,0.2565162777900696,0.7340400815010071,0.1859951764345169,0.806147038936615,0.4344286024570465,0.8113013505935669,0.2916165292263031,0.8160427808761597,0.19938234984874725,0.8202802538871765,0.11670862138271332,0.8514500260353088,0.4517064094543457,0.8619400262832642,0.3301258385181427,0.8669899106025696,0.25290149450302124,0.8689872622489929,0.18113617599010468,0.8942463994026184,0.49457260966300964,0.9233281016349792,0.40654295682907104,0.9421906471252441,0.34534716606140137,0.9572250843048096,0.28422296047210693
0.8200374245643616,0.7890690565109253,0.7616314888000488,0.7302982211112976,0.7165417671203613,0.6332504749298096,0.6978656053543091,0.5380437970161438,0.7154635190963745,0.46306154131889343,0.7558560967445374,0.4804522693157196,0.7450874447822571,0.34423431754112244,0.7333511710166931,0.3831896483898163,0.740400493144989,0.45968618988990784,0.7991455793380737,0.4825628995895386,0.8026828169822693,0.32605844736099243,0.7840574979782104,0.40252685546875,0.7821080684661865,0.4756624400615692,0.8425285816192627,0.5053795576095581,0.8465899229049683,0.3837132453918457,0.8268203735351562,0.4568536877632141,0.8251694440841675,0.5237167477607727,0.8865405917167664,0.5468859076499939,0.8933751583099365,0.44667014479637146,0.8710975646972656,0.4845738112926483,0.861918568611145,0.5373269319534302
0.8152754306793213,0.8901708126068115,0.7557713389396667,0.8413381576538086,0.6962078213691711,0.7586419582366943,0.678029477596283,0.6679607033729553,0.7233260869979858,0.6292421817779541,0.7285792231559753,0.5876264572143555,0.7173203825950623,0.4960187077522278,0.7178021669387817,0.577662467956543,0.7228938341140747,0.6436066627502441,0.7831236720085144,0.59296715259552,0.7750726938247681,0.49043717980384827,0.7665605545043945,0.6171157360076904,0.7653310298919678,0.6965715885162354,0.8360710144042969,0.6181718111038208,0.8318437337875366,0.5425678491592407,0.8147885799407959,0.6694415807723999,0.8043216466903687,0.7469597458839417,0.8871011137962341,0.6588202714920044,0.8787341713905334,0.6026630997657776,0.8580236434936523,0.6907634735107422,0.8434686660766602,0.7482742667198181
0.7635428309440613,0.7401848435401917,0.715205192565918,0.7770180106163025,0.677341103553772,0.8438279628753662,0.6606177687644958,0.9270135760307312,0.6582046747207642,0.9909184575080872,0.6914551258087158,0.7203447222709656,0.6774697303771973,0.8944671154022217,0.6871336698532104,1.030255913734436,0.6940414309501648,1.1110451221466064,0.7629724740982056,0.7279649972915649,0.7537103295326233,0.9183357357978821,0.7503015995025635,1.0676946640014648,0.7401086688041687,1.1496814489364624,0.8253417611122131,0.7531647086143494,0.8202123045921326,0.9259295463562012,0.8081352710723877,1.0715093612670898,0.7893728017807007,1.1520015001296997,0.8717382550239563,0.7914486527442932,0.8806899189949036,0.9166221618652344,0.8670936226844788,1.0188202857971191,0.8501212000846863,1.0764391422271729
